optimizer_name,dataset_name,model_name,seed,num_parameters,num_epochs,train_loss_ep1,train_loss_ep2,train_loss_ep3,train_loss_ep4,train_loss_ep5,train_loss_ep6,train_loss_ep7,train_loss_ep8,train_loss_ep9,train_loss_ep10,train_acc_ep1,train_acc_ep2,train_acc_ep3,train_acc_ep4,train_acc_ep5,train_acc_ep6,train_acc_ep7,train_acc_ep8,train_acc_ep9,train_acc_ep10,test_loss,test_accuracy,sparsity_before_pruning,test_acc_after_pruning_50%,test_acc_after_pruning_20%,test_acc_after_pruning_10%,execution_time
Adam,MNIST,MLP,43,235146,10,0.26951,0.10471,0.07153,0.05141,0.03970,0.03152,0.02445,0.02357,0.01830,0.01766,0.92155,0.96823,0.97768,0.98378,0.98697,0.98990,0.99193,0.99215,0.99362,0.99387,0.08886,0.98080,0.00000,0.97920,0.96560,0.89750,17.58535
PrunAdag_v1,MNIST,MLP,43,235146,10,0.00910,0.00458,0.00522,0.00826,0.01641,0.03184,0.04947,0.06105,0.06567,0.06510,0.99755,0.99962,0.99962,0.99933,0.99815,0.99523,0.99008,0.98687,0.98560,0.98530,0.07851,0.97830,0.00622,0.97830,0.97860,0.97690,57.86861
Adam,MNIST,CNN,43,421642,10,0.16275,0.04873,0.03315,0.02569,0.01754,0.01370,0.01161,0.00993,0.00813,0.00799,0.95033,0.98478,0.98953,0.99185,0.99407,0.99593,0.99625,0.99667,0.99738,0.99718,0.03597,0.99060,0.00000,0.99050,0.98780,0.96950,112.61060
PrunAdag_v1,MNIST,CNN,43,421642,10,0.00344,0.00247,0.00311,0.00583,0.01331,0.02318,0.02883,0.03151,0.03359,0.03382,0.99923,0.99958,0.99958,0.99923,0.99748,0.99527,0.99405,0.99292,0.99225,0.99180,0.03925,0.98730,0.00552,0.98890,0.98870,0.98630,176.39554
Adam,FashionMNIST,MLP,43,235146,10,0.47718,0.34382,0.30758,0.28348,0.26638,0.25196,0.23681,0.22399,0.21393,0.20314,0.82858,0.87345,0.88645,0.89418,0.89922,0.90478,0.91030,0.91498,0.91925,0.92318,0.32704,0.88910,0.00000,0.88720,0.80310,0.64920,18.36620
PrunAdag_v1,FashionMNIST,MLP,43,235146,10,0.23718,0.30617,0.34119,0.34992,0.35050,0.34615,0.34163,0.33714,0.33351,0.32928,0.91655,0.89863,0.88687,0.88348,0.88318,0.88230,0.88395,0.88587,0.88587,0.88788,0.37787,0.86970,0.02644,0.86960,0.86950,0.87030,61.11074
Adam,FashionMNIST,CNN,43,421642,10,0.45643,0.28745,0.24552,0.21632,0.19152,0.17281,0.15307,0.13812,0.12075,0.10715,0.83703,0.89572,0.90973,0.92018,0.93005,0.93560,0.94415,0.94965,0.95530,0.96015,0.23897,0.92340,0.00000,0.92300,0.89730,0.84330,113.75554
PrunAdag_v1,FashionMNIST,CNN,43,421642,10,0.17923,0.28715,0.31073,0.30781,0.30158,0.29667,0.29241,0.28883,0.28563,0.28100,0.93933,0.90487,0.89740,0.89767,0.89963,0.89935,0.90163,0.90210,0.90233,0.90367,0.31411,0.89120,0.06490,0.89230,0.89300,0.89140,179.95979
Adam,MNIST,MLP,44,235146,10,0.26936,0.10122,0.06772,0.05118,0.03854,0.03025,0.02530,0.02251,0.02045,0.01949,0.91987,0.96872,0.97848,0.98403,0.98745,0.99022,0.99163,0.99237,0.99303,0.99318,0.07895,0.97980,0.00000,0.97920,0.97030,0.93610,18.16948
PrunAdag_v1,MNIST,MLP,44,235146,10,0.00844,0.00409,0.00418,0.00564,0.00927,0.01749,0.03250,0.04840,0.05814,0.06213,0.99772,0.99952,0.99970,0.99972,0.99917,0.99807,0.99477,0.99020,0.98722,0.98550,0.07582,0.97910,0.00276,0.97890,0.97970,0.97820,57.58636
Adam,MNIST,CNN,44,421642,10,0.16885,0.04704,0.03206,0.02575,0.01794,0.01470,0.01140,0.01060,0.00879,0.00597,0.95018,0.98582,0.99023,0.99183,0.99438,0.99533,0.99643,0.99658,0.99702,0.99782,0.03153,0.99140,0.00000,0.99170,0.99020,0.97030,239.30111
PrunAdag_v1,MNIST,CNN,44,421642,10,0.00404,0.00264,0.00392,0.00873,0.01961,0.03072,0.03713,0.03984,0.04137,0.04087,0.99885,0.99957,0.99937,0.99850,0.99627,0.99353,0.99190,0.99067,0.98955,0.99002,0.04482,0.98820,0.00790,0.98880,0.98640,0.98250,177.00171
Adam,FashionMNIST,MLP,44,235146,10,0.47764,0.34497,0.30737,0.28199,0.26607,0.25085,0.23660,0.22519,0.21098,0.20244,0.82807,0.87200,0.88613,0.89457,0.90002,0.90613,0.91150,0.91510,0.92033,0.92353,0.33669,0.88520,0.00000,0.88020,0.80120,0.58580,18.17860
PrunAdag_v1,FashionMNIST,MLP,44,235146,10,0.23516,0.29865,0.33202,0.33976,0.34120,0.33914,0.33717,0.33404,0.33031,0.32850,0.91768,0.90065,0.89143,0.88815,0.88673,0.88753,0.88783,0.88905,0.88995,0.89040,0.38238,0.86950,0.02749,0.86960,0.87090,0.87280,59.79019
Adam,FashionMNIST,CNN,44,421642,10,0.44188,0.28826,0.24269,0.21455,0.18984,0.17126,0.15147,0.13129,0.11898,0.10162,0.84230,0.89533,0.91108,0.92002,0.93005,0.93615,0.94400,0.95102,0.95575,0.96280,0.24810,0.92360,0.00000,0.92320,0.90070,0.70190,114.25689
PrunAdag_v1,FashionMNIST,CNN,44,421642,10,0.16632,0.27206,0.30537,0.30407,0.29914,0.29607,0.29208,0.28974,0.28707,0.28395,0.94360,0.91013,0.89862,0.89788,0.89888,0.89890,0.90085,0.90180,0.90153,0.90177,0.31479,0.88840,0.08315,0.88930,0.88890,0.88610,178.08240
Adam,MNIST,MLP,45,235146,10,0.27067,0.10601,0.06959,0.05249,0.03868,0.03189,0.02332,0.02104,0.01995,0.01868,0.91978,0.96757,0.97910,0.98348,0.98737,0.98942,0.99202,0.99318,0.99312,0.99352,0.08734,0.97860,0.00000,0.97900,0.95580,0.91390,18.29453
PrunAdag_v1,MNIST,MLP,45,235146,10,0.00911,0.00430,0.00476,0.00681,0.01293,0.02593,0.04493,0.05842,0.06306,0.06408,0.99743,0.99958,0.99965,0.99957,0.99885,0.99640,0.99205,0.98755,0.98617,0.98565,0.07688,0.97910,0.00598,0.97900,0.97910,0.97930,58.42733
Adam,MNIST,CNN,45,421642,10,0.16887,0.05035,0.03431,0.02450,0.02033,0.01599,0.01039,0.01006,0.00773,0.00714,0.94977,0.98455,0.98968,0.99207,0.99312,0.99467,0.99687,0.99682,0.99752,0.99753,0.03977,0.98930,0.00000,0.98940,0.98800,0.97910,115.77923
PrunAdag_v1,MNIST,CNN,45,421642,10,0.00326,0.00211,0.00294,0.00662,0.01558,0.02574,0.03122,0.03389,0.03467,0.03463,0.99923,0.99972,0.99975,0.99903,0.99698,0.99430,0.99278,0.99172,0.99193,0.99180,0.03851,0.98770,0.00524,0.98800,0.98750,0.98710,188.73663
Adam,FashionMNIST,MLP,45,235146,10,0.48167,0.34723,0.31059,0.28327,0.26787,0.24972,0.23914,0.22406,0.21326,0.20249,0.82637,0.87078,0.88480,0.89352,0.89893,0.90672,0.91032,0.91430,0.91972,0.92322,0.34749,0.88110,0.00001,0.87330,0.78870,0.55710,18.22261
PrunAdag_v1,FashionMNIST,MLP,45,235146,10,0.24029,0.31829,0.35713,0.37017,0.36790,0.36499,0.35869,0.35362,0.34975,0.34512,0.91622,0.89482,0.88292,0.87668,0.87748,0.87632,0.87928,0.88030,0.88095,0.88300,0.38408,0.86500,0.02857,0.86490,0.86560,0.86510,59.69331
Adam,FashionMNIST,CNN,45,421642,10,0.43847,0.28349,0.24352,0.21080,0.18606,0.16717,0.14837,0.13165,0.11562,0.09855,0.84350,0.89697,0.91107,0.92202,0.93235,0.93833,0.94425,0.95105,0.95645,0.96400,0.26887,0.91590,0.00000,0.91360,0.86670,0.81350,120.63301
PrunAdag_v1,FashionMNIST,CNN,45,421642,10,0.16541,0.26680,0.29083,0.29023,0.28646,0.28112,0.27725,0.27317,0.27056,0.26744,0.94395,0.91103,0.90170,0.90187,0.90313,0.90415,0.90450,0.90617,0.90547,0.90833,0.30553,0.89210,0.04336,0.89310,0.89250,0.89140,192.01958
Adam,MNIST,MLP,46,235146,10,0.27095,0.10233,0.07056,0.05051,0.03959,0.03293,0.02466,0.02468,0.02012,0.01549,0.92175,0.96930,0.97768,0.98440,0.98763,0.98912,0.99132,0.99210,0.99350,0.99490,0.08426,0.97860,0.00000,0.97720,0.96030,0.91460,18.42796
PrunAdag_v1,MNIST,MLP,46,235146,10,0.00946,0.00486,0.00566,0.00892,0.01783,0.03495,0.05252,0.06327,0.06673,0.06740,0.99735,0.99940,0.99940,0.99920,0.99815,0.99430,0.98995,0.98603,0.98483,0.98438,0.07844,0.97840,0.00647,0.97840,0.97850,0.97730,58.71417
Adam,MNIST,CNN,46,421642,10,0.16375,0.04697,0.03179,0.02306,0.01703,0.01430,0.01052,0.00907,0.00766,0.00763,0.95165,0.98525,0.99000,0.99272,0.99447,0.99540,0.99693,0.99708,0.99733,0.99740,0.03527,0.98970,0.00000,0.98940,0.98830,0.96370,146.56925
PrunAdag_v1,MNIST,CNN,46,421642,10,0.00287,0.00161,0.00190,0.00284,0.00547,0.01174,0.01903,0.02321,0.02564,0.02735,0.99927,0.99978,0.99980,0.99982,0.99935,0.99793,0.99610,0.99532,0.99388,0.99358,0.03493,0.99030,0.00195,0.99040,0.98970,0.98750,429.30136
Adam,FashionMNIST,MLP,46,235146,10,0.47905,0.34570,0.30769,0.28435,0.26663,0.25089,0.23713,0.22229,0.21237,0.20399,0.82775,0.87162,0.88595,0.89408,0.90000,0.90495,0.91123,0.91683,0.91955,0.92255,0.33505,0.88620,0.00000,0.88520,0.81960,0.59900,18.55068
PrunAdag_v1,FashionMNIST,MLP,46,235146,10,0.24120,0.31693,0.34849,0.35357,0.35148,0.34675,0.34135,0.33650,0.33300,0.32893,0.91512,0.89377,0.88463,0.88110,0.88202,0.88230,0.88398,0.88487,0.88498,0.88698,0.37787,0.86820,0.02829,0.86810,0.86830,0.87050,59.95485
Adam,FashionMNIST,CNN,46,421642,10,0.44691,0.28108,0.23534,0.20881,0.18191,0.16195,0.14353,0.12679,0.11274,0.09583,0.84000,0.89848,0.91403,0.92347,0.93333,0.94088,0.94700,0.95325,0.95787,0.96535,0.24328,0.92300,0.00000,0.92310,0.90350,0.82940,111.97254
PrunAdag_v1,FashionMNIST,CNN,46,421642,10,0.16355,0.28490,0.30913,0.30706,0.30103,0.29544,0.28992,0.28647,0.28307,0.27872,0.94603,0.90592,0.89813,0.89840,0.89777,0.89930,0.90182,0.90223,0.90235,0.90408,0.30460,0.89090,0.09076,0.89060,0.88940,0.88940,174.87152
Adam,MNIST,MLP,47,235146,10,0.26838,0.10473,0.07024,0.05361,0.03967,0.03168,0.02683,0.02284,0.02067,0.01989,0.92073,0.96732,0.97800,0.98290,0.98722,0.98952,0.99088,0.99237,0.99308,0.99292,0.08855,0.97790,0.00000,0.97960,0.96780,0.91970,18.59345
PrunAdag_v1,MNIST,MLP,47,235146,10,0.00877,0.00481,0.00527,0.00830,0.01621,0.03253,0.05043,0.06081,0.06480,0.06521,0.99772,0.99942,0.99958,0.99928,0.99832,0.99440,0.99023,0.98685,0.98553,0.98503,0.07799,0.97840,0.00633,0.97840,0.97910,0.97770,58.83956
Adam,MNIST,CNN,47,421642,10,0.16075,0.04633,0.03319,0.02266,0.01907,0.01425,0.01173,0.01027,0.00731,0.00890,0.95198,0.98545,0.98970,0.99278,0.99367,0.99537,0.99600,0.99630,0.99755,0.99708,0.03042,0.99190,0.00000,0.99140,0.99040,0.98220,113.26683
PrunAdag_v1,MNIST,CNN,47,421642,10,0.00430,0.00290,0.00380,0.00715,0.01462,0.02295,0.02830,0.03114,0.03324,0.03435,0.99883,0.99948,0.99943,0.99882,0.99727,0.99515,0.99372,0.99282,0.99240,0.99175,0.04102,0.98850,0.00626,0.98910,0.98900,0.98640,178.65678
Adam,FashionMNIST,MLP,47,235146,10,0.48143,0.34330,0.30891,0.28469,0.26730,0.24943,0.23866,0.22670,0.21247,0.20090,0.82555,0.87263,0.88415,0.89340,0.89978,0.90625,0.90938,0.91490,0.91983,0.92387,0.35980,0.88070,0.00000,0.88160,0.78170,0.62980,19.12367
PrunAdag_v1,FashionMNIST,MLP,47,235146,10,0.23625,0.30799,0.34300,0.35242,0.35389,0.35123,0.34701,0.34344,0.33979,0.33648,0.91803,0.89837,0.88805,0.88358,0.88252,0.88355,0.88382,0.88405,0.88525,0.88552,0.39377,0.86240,0.03066,0.86240,0.86440,0.86560,60.67292
Adam,FashionMNIST,CNN,47,421642,10,0.44796,0.29023,0.24299,0.21492,0.19063,0.17113,0.14906,0.13329,0.11798,0.10145,0.83973,0.89535,0.91090,0.92060,0.92967,0.93660,0.94535,0.95127,0.95682,0.96308,0.25587,0.92010,0.00000,0.91970,0.89250,0.80840,112.36212
PrunAdag_v1,FashionMNIST,CNN,47,421642,10,0.16919,0.27499,0.29941,0.29875,0.29475,0.29072,0.28858,0.28403,0.27996,0.27820,0.94315,0.90727,0.89835,0.89988,0.89968,0.90058,0.90280,0.90367,0.90432,0.90485,0.30578,0.89100,0.07467,0.89120,0.89300,0.89270,176.88993
